imbalance_handling,max_f1,max_f05,max_f2,auc_roc,auc_pr,training_time_min
rus,0.2749406175771972,0.2651178301467319,0.34917555771096026,0.9230250588582976,0.1828653125357943,0.27743621269861857
