imbalance_handling,max_f1,max_f05,max_f2,auc_roc,auc_pr,training_time_min
rus,0.06980871622954052,0.06069553805774278,0.11166253101736973,0.7281071893730078,0.029719361027561085,0.372957452138265
