imbalance_handling,max_f1,max_f05,max_f2,auc_roc,auc_pr,training_time_min
rus,0.2848530519969857,0.28290870488322717,0.3746041171813143,0.9290223811110164,0.1988139362157803,1.0915165344874065
