imbalance_handling,max_f1,max_f05,max_f2,auc_roc,auc_pr,training_time_min
rus,0.11171032357473036,0.09804445394315024,0.15255116476468925,0.7417138709656231,0.04120260506982314,20.684282763799033
