imbalance_handling,max_f1,max_f05,max_f2,auc_roc,auc_pr,training_time_min
rus,0.2776194998417221,0.2703749612643322,0.36239103362391034,0.9228092597952966,0.1847079966124239,0.15232859849929808
