imbalance_handling,max_f1,max_f05,max_f2,auc_roc,auc_pr,training_time_min
smote,0.08276643990929705,0.08198562443845463,0.11683483802442911,0.6178614815811632,0.02610802970703089,NA
