imbalance_handling,max_f1,max_f05,max_f2,auc_roc,auc_pr,training_time_min
smote,0.026042428675932698,0.019836108220603537,0.05821678007792161,0.5376647362693823,0.01315062408151419,NA
