imbalance_handling,max_f1,max_f05,max_f2,auc_roc,auc_pr,training_time_min
smote,0.025195687490769458,0.01685630004214075,0.05966291108006841,0.5333179343829779,0.012422609533456468,NA
