imbalance_handling,max_f1,max_f05,max_f2,auc_roc,auc_pr,training_time_min
smote,0.07751564756860857,0.08470225872689939,0.10995399625903644,0.6063759092430794,0.02511197785796663,NA
