imbalance_handling,max_f1,max_f05,max_f2,auc_roc,auc_pr,training_time_min
smote,0.033480732785849655,0.05461665292662819,0.05772894235525665,0.5110124614127467,0.013255224816011246,NA
