imbalance_handling,max_f1,max_f05,max_f2,auc_roc,auc_pr,training_time_min
smote,0.07338883749614554,0.07192538729054695,0.10045479534209606,0.5872211142118042,0.02100242152016478,NA
