imbalance_handling,max_f1,max_f05,max_f2,auc_roc,auc_pr,training_time_min
smote,0.03502626970227671,0.03531073446327684,0.06733402163666562,0.5657730253599307,0.015744799695709383,NA
