imbalance_handling,max_f1,max_f05,max_f2,auc_roc,auc_pr,training_time_min
smote,0.11261291856279292,0.07760612185965926,0.2235358596930786,0.8302099185131173,0.05461122563745449,NA
