imbalance_handling,max_f1,max_f05,max_f2,auc_roc,auc_pr,training_time_min
smote,0.11091212252207744,0.07673899170389278,0.22339419871635405,0.8332636808535765,0.05487051955432481,NA
