imbalance_handling,max_f1,max_f05,max_f2,auc_roc,auc_pr,training_time_min
smote,0.114701826956222,0.08336243016759777,0.21705314705458736,0.8349714767512229,0.06056372909745532,NA
