imbalance_handling,max_f1,max_f05,max_f2,auc_roc,auc_pr,training_time_min
smote,0.04451530612244898,0.03185328185328185,0.0775599543205177,0.6149739148229602,0.018003323575077973,NA
