imbalance_handling,max_f1,max_f05,max_f2,auc_roc,auc_pr,training_time_min
smote,0.09689966823017962,0.07915879017013233,0.18423341503913973,0.8036300317605123,0.04789191723764659,NA
