imbalance_handling,max_f1,max_f05,max_f2,auc_roc,auc_pr,training_time_min
smote,0.11572196221182181,0.07867132867132867,0.22765092615325858,0.8380048756923787,0.057331935838522904,NA
