imbalance_handling,max_f1,max_f05,max_f2,auc_roc,auc_pr,training_time_min
smote,0.11473468098547063,0.07770053475935829,0.2240160620479111,0.8298612545704832,0.052364550532131966,NA
