imbalance_handling,max_f1,max_f05,max_f2,auc_roc,auc_pr,training_time_min
adasyn,0.2728403593642018,0.252794271742927,0.34810777457836284,0.9173415286006836,0.17159810344126494,3.534243897596995
