imbalance_handling,max_f1,max_f05,max_f2,auc_roc,auc_pr,training_time_min
smote,0.27422454021410925,0.26238041643218907,0.3570255174679663,0.918725589594012,0.17378778325328217,4.010565133889516
