imbalance_handling,max_f1,max_f05,max_f2,auc_roc,auc_pr,training_time_min
original,0.2652097666261972,0.26086464463558173,0.35749838964689346,0.919713082463362,0.17407578850803573,0.8784303863843282
