imbalance_handling,max_f1,max_f05,max_f2,auc_roc,auc_pr,training_time_min
rus,0.2696857906118814,0.2578125,0.35047640274140524,0.9201321293538213,0.1727013733596105,0.01339396635691325
