imbalance_handling,max_f1,max_f05,max_f2,auc_roc,auc_pr,training_time_min
original,0.074091497118664,0.06433823529411764,0.12692400676928037,0.7283775257800207,0.03099438732247424,0.12496628761291503
