imbalance_handling,max_f1,max_f05,max_f2,auc_roc,auc_pr,training_time_min
rus,0.051516258677384,0.04271765663140765,0.0949239262151609,0.6721843277031965,0.023203649520879513,0.003742067019144694
