imbalance_handling,max_f1,max_f05,max_f2,auc_roc,auc_pr,training_time_min
smote,0.0735223450264296,0.06286013619696176,0.11306532663316583,0.7227654395712149,0.0303076776743236,0.2534394145011902
