imbalance_handling,max_f1,max_f05,max_f2,auc_roc,auc_pr,training_time_min
rus,0.2803086880756784,0.27226394849785407,0.37343945919424304,0.9271214571452889,0.1799368193837908,0.04015603462855021
