imbalance_handling,max_f1,max_f05,max_f2,auc_roc,auc_pr,training_time_min
original,0.2687818018557318,0.2442609182530795,0.3488433645651368,0.817361267129408,0.12628161767503074,2.627282468477885
