imbalance_handling,max_f1,max_f05,max_f2,auc_roc,auc_pr,training_time_min
smote,0.2741467458891806,0.2843567251461988,0.35650871157474195,0.8622431406861268,0.1672498245266004,18.801761949062346
