imbalance_handling,max_f1,max_f05,max_f2,auc_roc,auc_pr,training_time_min
adasyn,0.2767201319142557,0.2653517690117934,0.3540712610298224,0.8578592233327228,0.16165414048529184,16.05301051537196
